,loss,conv,dataset,train acc micro,test acc micro,train acc macro,test acc macro
0,HOPE_Katz,GCN,0.10.10.225,0.6975748930099858,0.1557788944723618,0.6964740370210143,0.1529922898826276
1,HOPE_Katz,GAT,0.10.10.225,0.4065620542082739,0.1457286432160804,0.4042794436048623,0.1411802223915292
2,HOPE_Katz,SAGE,0.10.10.225,0.5221112696148359,0.0402010050251256,0.5186374785077247,0.0388147451963241
3,HOPE_Katz,GCN,0.10.10.2220,0.5606276747503567,0.1959798994974874,0.5613366766738594,0.1961576019701272
4,HOPE_Katz,GAT,0.10.10.2220,0.4736091298145506,0.135678391959799,0.4772436164566818,0.1292665834993123
5,HOPE_Katz,SAGE,0.10.10.2220,0.2239657631954351,0.0402010050251256,0.2187190311376372,0.0415170807453416
6,HOPE_Katz,GCN,0.10.10.2240,0.383737517831669,0.1306532663316583,0.380887819870555,0.1267916683581645
7,HOPE_Katz,GAT,0.10.10.2240,0.6205420827389444,0.100502512562814,0.6209066421716571,0.1035935227649499
8,HOPE_Katz,SAGE,0.10.10.2240,0.6747503566333809,0.0351758793969849,0.6751655798247238,0.0323754767353165
9,HOPE_Katz,GCN,0.10.10.232,0.3423680456490727,0.0653266331658291,0.3417907715764994,0.0628451535730822
10,HOPE_Katz,GAT,0.10.10.232,0.6547788873038516,0.1055276381909547,0.6542126524109337,0.0851590797646289
11,HOPE_Katz,SAGE,0.10.10.232,0.8815977175463623,0.050251256281407,0.8811192806996269,0.0453089193913758
12,HOPE_Katz,GCN,0.10.10.235,0.7532097004279601,0.1055276381909547,0.7549636799649729,0.0988292567647406
13,HOPE_Katz,GAT,0.10.10.235,0.2339514978601997,0.100502512562814,0.2275609383120698,0.1025729352922083
14,HOPE_Katz,SAGE,0.10.10.235,0.5007132667617689,0.050251256281407,0.5025544831257361,0.0421881001881001
15,HOPE_Katz,GCN,0.10.10.2320,0.4907275320970042,0.1457286432160804,0.4878188134058595,0.1401687368417836
16,HOPE_Katz,GAT,0.10.10.2320,0.6747503566333809,0.1507537688442211,0.6764661976472744,0.1267446995590478
17,HOPE_Katz,SAGE,0.10.10.2320,0.2211126961483595,0.050251256281407,0.2156685737197655,0.0447478291596929
18,HOPE_Katz,GCN,0.10.10.242,0.7874465049928673,0.1608040201005025,0.7983526947308537,0.157517649017649
19,HOPE_Katz,GAT,0.10.10.242,0.3466476462196862,0.0854271356783919,0.3428566985493025,0.0897582447818391
20,HOPE_Katz,SAGE,0.10.10.242,0.6205420827389444,0.0552763819095477,0.6187358940706256,0.0541807606102935
21,HOPE_Katz,GCN,0.10.10.245,0.4194008559201141,0.1105527638190954,0.4190087889208352,0.1081246325676242
22,HOPE_Katz,GAT,0.10.10.245,0.6248216833095578,0.1708542713567839,0.6242759233464553,0.1681237057460331
23,HOPE_Katz,SAGE,0.10.10.245,0.5534950071326676,0.0753768844221105,0.552227057845561,0.0743573720827725
24,HOPE_Katz,GCN,0.10.10.525,0.5549215406562055,0.1256281407035175,0.5545022085058833,0.1234187180682856
25,HOPE_Katz,GAT,0.10.10.525,0.5235378031383737,0.1206030150753768,0.5242212593864594,0.1016807427819233
26,HOPE_Katz,SAGE,0.10.10.525,0.1398002853067047,0.0954773869346733,0.1291399590688436,0.0746825396825396
27,HOPE_Katz,GCN,0.10.10.5220,0.3024251069900143,0.2512562814070351,0.308554772200673,0.2709727632887687
28,HOPE_Katz,GAT,0.10.10.5220,0.3067047075606277,0.1407035175879397,0.308557998309369,0.1375797011029395
29,HOPE_Katz,SAGE,0.10.10.5220,0.2567760342368045,0.0703517587939698,0.2548250626305796,0.04939930944965
30,HOPE_Katz,GCN,0.10.10.5240,0.3095577746077033,0.2311557788944723,0.3052425693759167,0.2205710430419808
31,HOPE_Katz,GAT,0.10.10.5240,0.3009985734664764,0.0954773869346733,0.3055263926883803,0.0813798089088786
32,HOPE_Katz,SAGE,0.10.10.5240,0.362339514978602,0.050251256281407,0.3547710381493541,0.0405687955308448
33,HOPE_Katz,GCN,0.10.10.535,0.6590584878744651,0.135678391959799,0.658390852336903,0.1345651937149132
34,HOPE_Katz,GAT,0.10.10.535,0.5349500713266762,0.0954773869346733,0.5353047316364745,0.0931912944757969
35,HOPE_Katz,SAGE,0.10.10.535,0.2339514978601997,0.0402010050251256,0.2267912400740444,0.0354264250859275
36,HOPE_Katz,GCN,0.10.10.5320,0.0927246790299572,0.0854271356783919,0.0779749679802013,0.0729101240206716
37,HOPE_Katz,GAT,0.10.10.5320,0.3423680456490727,0.0703517587939698,0.3369479787976734,0.0337850678733031
38,HOPE_Katz,SAGE,0.10.10.5320,0.1940085592011412,0.050251256281407,0.1924477946130503,0.0371274800760779
39,HOPE_Katz,GCN,0.10.10.545,0.5863052781740371,0.1306532663316583,0.5852977948258988,0.1305332256353761
40,HOPE_Katz,GAT,0.10.10.545,0.3309557774607703,0.1055276381909547,0.3349432218943619,0.1020287182103143
41,HOPE_Katz,SAGE,0.10.10.545,0.3437945791726106,0.0954773869346733,0.3417494326216028,0.0980615764105777
42,HOPE_Katz,GCN,0.10.50.225,0.3566333808844508,0.1407035175879397,0.3546161863704021,0.1400090786779974
43,HOPE_Katz,GAT,0.10.50.225,0.7660485021398004,0.1105527638190954,0.7661168294071667,0.0967397196307141
44,HOPE_Katz,SAGE,0.10.50.225,0.362339514978602,0.0402010050251256,0.3596057446849709,0.0360471070148489
45,HOPE_Katz,GCN,0.10.50.2220,0.3908701854493581,0.1909547738693467,0.3925197758099512,0.1761982940704127
46,HOPE_Katz,GAT,0.10.50.2220,0.2767475035663338,0.1407035175879397,0.2818061018943383,0.1543261265183077
47,HOPE_Katz,SAGE,0.10.50.2220,0.2125534950071326,0.0804020100502512,0.2056483900272209,0.0673938746438746
48,HOPE_Katz,GCN,0.10.50.2240,0.3523537803138373,0.1306532663316583,0.3499010709571993,0.1192686484081836
49,HOPE_Katz,GAT,0.10.50.2240,0.3009985734664764,0.100502512562814,0.2978753028355594,0.08806062492337
50,HOPE_Katz,SAGE,0.10.50.2240,0.5164051355206848,0.0854271356783919,0.5165714851724328,0.0820754622321665
51,HOPE_Katz,GCN,0.10.50.232,0.3823109843081313,0.1055276381909547,0.3816896751762212,0.1029477566483444
52,HOPE_Katz,GAT,0.10.50.232,0.3951497860199714,0.135678391959799,0.3984105546798223,0.1391491473820278
53,HOPE_Katz,SAGE,0.10.50.232,0.3566333808844508,0.0753768844221105,0.3690504812232099,0.0552563400839262
54,HOPE_Katz,GCN,0.10.50.235,0.3594864479315264,0.1457286432160804,0.356561234989517,0.1421383254777084
55,HOPE_Katz,GAT,0.10.50.235,0.550641940085592,0.1457286432160804,0.5496503176681206,0.14226766953096
56,HOPE_Katz,SAGE,0.10.50.235,0.3252496433666191,0.0854271356783919,0.3214416791441835,0.0819520018202882
57,HOPE_Katz,GCN,0.10.50.2320,0.6134094151212554,0.1407035175879397,0.613057481901462,0.1323498930936001
58,HOPE_Katz,GAT,0.10.50.2320,0.5492154065620543,0.1407035175879397,0.5522163333745795,0.1157345159408684
59,HOPE_Katz,SAGE,0.10.50.2320,0.202567760342368,0.0452261306532663,0.2004891080698573,0.0432036089798238
60,HOPE_Katz,GCN,0.10.50.242,0.4094151212553495,0.1457286432160804,0.4102747851736771,0.1412367798599682
61,HOPE_Katz,GAT,0.10.50.242,0.833095577746077,0.1256281407035175,0.8339682530209996,0.1205214034398422
62,HOPE_Katz,SAGE,0.10.50.242,0.1840228245363766,0.0452261306532663,0.1810083403549125,0.0158834749436448
63,HOPE_Katz,GCN,0.10.50.245,0.3537803138373751,0.0954773869346733,0.3502634442178954,0.0950807672669
64,HOPE_Katz,GAT,0.10.50.245,0.4821683309557774,0.1809045226130653,0.4803083837085627,0.1767050714429283
65,HOPE_Katz,SAGE,0.10.50.245,0.746077032810271,0.0954773869346733,0.7462916572307763,0.0929464593279744
66,HOPE_Katz,GCN,0.10.50.525,0.3309557774607703,0.1256281407035175,0.3308101171873983,0.0982843179985162
67,HOPE_Katz,GAT,0.10.50.525,0.5492154065620543,0.1206030150753768,0.5493516375200554,0.1043237071108773
68,HOPE_Katz,SAGE,0.10.50.525,0.2981455064194008,0.0753768844221105,0.2974438215910819,0.0633881205970822
69,HOPE_Katz,GCN,0.10.50.5220,0.1897289586305278,0.1256281407035175,0.1891413107359701,0.1148427243968627
70,HOPE_Katz,GAT,0.10.50.5220,0.3238231098430813,0.0753768844221105,0.3218110705058233,0.0655637895683685
71,HOPE_Katz,SAGE,0.10.50.5220,0.2938659058487874,0.0452261306532663,0.2921749992029313,0.0462567476383265
72,HOPE_Katz,GCN,0.10.50.5240,0.3152639087018545,0.1809045226130653,0.3143964829868707,0.1707881417899087
73,HOPE_Katz,GAT,0.10.50.5240,0.2853067047075606,0.0954773869346733,0.2912207623188571,0.0757386280589387
74,HOPE_Katz,SAGE,0.10.50.5240,0.579172610556348,0.0552763819095477,0.5775947722773113,0.0474038461538461
75,HOPE_Katz,GCN,0.10.50.535,0.3495007132667617,0.1256281407035175,0.348638416587656,0.1131679155992881
76,HOPE_Katz,GAT,0.10.50.535,0.5420827389443652,0.1306532663316583,0.5422660230914109,0.1230836787343156
77,HOPE_Katz,SAGE,0.10.50.535,0.2353780313837375,0.0954773869346733,0.2330131188047482,0.0852132430453796
78,HOPE_Katz,GCN,0.10.50.5320,0.5221112696148359,0.1306532663316583,0.5214804643176849,0.1244332183954038
79,HOPE_Katz,GAT,0.10.50.5320,0.3295292439372325,0.1055276381909547,0.3323349216341757,0.0720695045695045
80,HOPE_Katz,SAGE,0.10.50.5320,0.2467902995720399,0.0753768844221105,0.2404503559804018,0.0581914491119857
81,HOPE_Katz,GCN,0.10.50.545,0.4921540656205421,0.1658291457286432,0.4923115069913849,0.1616795281448218
82,HOPE_Katz,GAT,0.10.50.545,0.5820256776034237,0.1608040201005025,0.5917250979831763,0.1639302672636006
83,HOPE_Katz,SAGE,0.10.50.545,0.3352353780313837,0.0854271356783919,0.3339894547537741,0.0859116160403038
84,HOPE_Katz,GCN,0.10.90.225,0.4051355206847361,0.1256281407035175,0.3995215514708991,0.1109592866945808
85,HOPE_Katz,GAT,0.10.90.225,0.4022824536376604,0.1105527638190954,0.3945293239399091,0.0956059238244593
86,HOPE_Katz,SAGE,0.10.90.225,0.1897289586305278,0.0402010050251256,0.1799210934954612,0.03231698646991
87,HOPE_Katz,GCN,0.10.90.2220,0.2310984308131241,0.0653266331658291,0.2283669053194403,0.0598905655112748
88,HOPE_Katz,GAT,0.10.90.2220,0.2325249643366619,0.0753768844221105,0.2271448039548932,0.0593150173413331
89,HOPE_Katz,SAGE,0.10.90.2220,0.2296718972895863,0.0402010050251256,0.2229384859047798,0.0320825737729762
90,HOPE_Katz,GCN,0.10.90.2240,0.3823109843081313,0.100502512562814,0.3795004249623287,0.0889134418213365
91,HOPE_Katz,GAT,0.10.90.2240,0.2082738944365192,0.0954773869346733,0.2020187850602398,0.0879298327518141
92,HOPE_Katz,SAGE,0.10.90.2240,0.2139800285306704,0.0854271356783919,0.2101215930739013,0.0831292625586293
93,HOPE_Katz,GCN,0.10.90.232,0.2039942938659058,0.0804020100502512,0.1972273469993565,0.0706762862808227
94,HOPE_Katz,GAT,0.10.90.232,0.3566333808844508,0.1155778894472361,0.3551946815840777,0.1164318251775345
95,HOPE_Katz,SAGE,0.10.90.232,0.3794579172610556,0.0653266331658291,0.3739134847639172,0.0628018296856969
96,HOPE_Katz,GCN,0.10.90.235,0.6062767475035663,0.0954773869346733,0.606005559803924,0.0924975734185645
97,HOPE_Katz,GAT,0.10.90.235,0.3594864479315264,0.0854271356783919,0.3581291559538585,0.0781301813522477
98,HOPE_Katz,SAGE,0.10.90.235,0.3138373751783166,0.1306532663316583,0.3093577364571596,0.1199121672231891
99,HOPE_Katz,GCN,0.10.90.2320,0.572039942938659,0.1658291457286432,0.5709943582605965,0.1572541855534287
100,HOPE_Katz,GAT,0.10.90.2320,0.7146932952924394,0.1206030150753768,0.715905053046552,0.1206971452358285
101,HOPE_Katz,SAGE,0.10.90.2320,0.5962910128388017,0.0653266331658291,0.594225096162482,0.0548525403427364
102,HOPE_Katz,GCN,0.10.90.242,0.3295292439372325,0.1155778894472361,0.3461135463702831,0.1087256827103562
103,HOPE_Katz,GAT,0.10.90.242,0.4393723252496433,0.1306532663316583,0.4412818352557731,0.1308844832033238
104,HOPE_Katz,SAGE,0.10.90.242,0.1626248216833095,0.0653266331658291,0.1614369022171982,0.0518532794409372
105,HOPE_Katz,GCN,0.10.90.245,0.2296718972895863,0.1407035175879397,0.2216296314043019,0.1379597332412006
106,HOPE_Katz,GAT,0.10.90.245,0.3594864479315264,0.1507537688442211,0.3567772303896403,0.1455043455382666
107,HOPE_Katz,SAGE,0.10.90.245,0.5534950071326676,0.0904522613065326,0.5533863425896304,0.0927859080042988
108,HOPE_Katz,GCN,0.10.90.525,0.2582025677603424,0.135678391959799,0.2421776470046841,0.1270188965291539
109,HOPE_Katz,GAT,0.10.90.525,0.2325249643366619,0.0954773869346733,0.236861743319681,0.1047328608423061
110,HOPE_Katz,SAGE,0.10.90.525,0.2853067047075606,0.0603015075376884,0.3166483329978041,0.0510174727487297
111,HOPE_Katz,GCN,0.10.90.5220,0.2924393723252496,0.1758793969849246,0.2883369872286607,0.1553443358706516
112,HOPE_Katz,GAT,0.10.90.5220,0.2425106990014265,0.0854271356783919,0.2416735552986323,0.0664559460147695
113,HOPE_Katz,SAGE,0.10.90.5220,0.2981455064194008,0.0402010050251256,0.2897091965758588,0.0317712842712842
114,HOPE_Katz,GCN,0.10.90.5240,0.1512125534950071,0.2010050251256281,0.1458580752636797,0.187970088159763
115,HOPE_Katz,GAT,0.10.90.5240,0.1540656205420827,0.1105527638190954,0.1396542204939204,0.0919728115022232
116,HOPE_Katz,SAGE,0.10.90.5240,0.2125534950071326,0.0552763819095477,0.1993790328405735,0.0437945551596807
117,HOPE_Katz,GCN,0.10.90.535,0.2596291012838801,0.1306532663316583,0.2710106349088014,0.1267077586261974
118,HOPE_Katz,GAT,0.10.90.535,0.4407988587731811,0.1758793969849246,0.4411529560026779,0.1800672424798519
119,HOPE_Katz,SAGE,0.10.90.535,0.2924393723252496,0.100502512562814,0.2885178759110567,0.0944701398819045
120,HOPE_Katz,GCN,0.10.90.5320,0.2054208273894436,0.1256281407035175,0.1985114276367887,0.1121245920047763
121,HOPE_Katz,GAT,0.10.90.5320,0.2539229671897289,0.0753768844221105,0.2447053868814099,0.0471263540381187
122,HOPE_Katz,SAGE,0.10.90.5320,0.7988587731811697,0.0452261306532663,0.7987726350646625,0.0264108938353789
123,HOPE_Katz,GCN,0.10.90.545,0.4935805991440798,0.2010050251256281,0.4929484735112245,0.1909755598836948
124,HOPE_Katz,GAT,0.10.90.545,0.3965763195435092,0.1457286432160804,0.4054091377768286,0.14567768477366
125,HOPE_Katz,SAGE,0.10.90.545,0.2410841654778887,0.0753768844221105,0.227975723173842,0.0599215117914304
126,HOPE_Katz,GCN,0.50.10.0125,0.3937232524964336,0.236180904522613,0.3910714915554225,0.2291820068205729
127,HOPE_Katz,GAT,0.50.10.0125,0.3295292439372325,0.2261306532663316,0.320797799234702,0.223274070423399
128,HOPE_Katz,SAGE,0.50.10.0125,0.6804564907275321,0.0904522613065326,0.6803136096826055,0.0830148225550524
129,HOPE_Katz,GCN,0.50.10.01220,0.4407988587731811,0.2763819095477386,0.438783247052916,0.285416221758327
130,HOPE_Katz,GAT,0.50.10.01220,0.6005706134094151,0.236180904522613,0.5990772974647086,0.2431875250735884
131,HOPE_Katz,SAGE,0.50.10.01220,0.3338088445078459,0.1055276381909547,0.3284335162699107,0.0978567909943378
132,HOPE_Katz,GCN,0.50.10.01240,0.6833095577746077,0.3266331658291457,0.6833557283741751,0.3194245058885319
133,HOPE_Katz,GAT,0.50.10.01240,0.5007132667617689,0.3015075376884422,0.5016573139291477,0.2997886151033367
134,HOPE_Katz,SAGE,0.50.10.01240,0.4893009985734665,0.0954773869346733,0.4910583806114485,0.0882946863881055
135,HOPE_Katz,GCN,0.50.10.0132,0.6105563480741797,0.4924623115577889,0.610984665062926,0.4820747681111458
136,HOPE_Katz,GAT,0.50.10.0132,0.5734664764621968,0.5577889447236181,0.5707612074987345,0.549209877436471
137,HOPE_Katz,SAGE,0.50.10.0132,0.5378031383737518,0.3417085427135678,0.5345998639387174,0.3133722495487201
138,HOPE_Katz,GCN,0.50.10.0135,0.543509272467903,0.5125628140703518,0.5377162566738091,0.5065142655425668
139,HOPE_Katz,GAT,0.50.10.0135,0.5592011412268189,0.5125628140703518,0.5540564573486317,0.4950133909815227
140,HOPE_Katz,SAGE,0.50.10.0135,0.572039942938659,0.2211055276381909,0.571096164724174,0.2056003207318997
141,HOPE_Katz,GCN,0.50.10.01320,0.9101283880171184,0.3668341708542713,0.9101446928313088,0.3579460849247626
142,HOPE_Katz,GAT,0.50.10.01320,0.637660485021398,0.3618090452261306,0.6364359600886675,0.3655774112545004
143,HOPE_Katz,SAGE,0.50.10.01320,0.463623395149786,0.1959798994974874,0.4540708397235419,0.1801378940543677
144,HOPE_Katz,GCN,0.50.10.0142,0.2653352353780314,0.1758793969849246,0.2627987728974981,0.1700641936629592
145,HOPE_Katz,GAT,0.50.10.0142,0.3865905848787446,0.2110552763819095,0.3869669450767064,0.2089176941109581
146,HOPE_Katz,SAGE,0.50.10.0142,0.3780313837375178,0.0904522613065326,0.3725305771316189,0.0772547533417098
147,HOPE_Katz,GCN,0.50.10.0145,0.5891583452211127,0.2010050251256281,0.5883576004044386,0.1961158044191156
148,HOPE_Katz,GAT,0.50.10.0145,0.3480741797432239,0.1809045226130653,0.3506782841372756,0.1748063994142796
149,HOPE_Katz,SAGE,0.50.10.0145,0.2125534950071326,0.135678391959799,0.1903408663297968,0.096477757536581
150,HOPE_Katz,GCN,0.50.10.0172,0.550641940085592,0.4070351758793969,0.5486271970356619,0.3987395575439053
151,HOPE_Katz,GAT,0.50.10.0172,0.5463623395149786,0.4070351758793969,0.5448124396590106,0.3995993813261614
152,HOPE_Katz,SAGE,0.50.10.0172,0.6533523537803139,0.1758793969849246,0.6503144246382735,0.1655742095981883
153,HOPE_Katz,GCN,0.50.10.225,0.9914407988587732,0.9597989949748744,0.9914201020141872,0.9595982380192906
154,HOPE_Katz,GAT,0.50.10.225,0.9115549215406562,0.9447236180904522,0.9111642436991394,0.9448150791417044
155,HOPE_Katz,SAGE,0.50.10.225,0.9757489300998572,0.7537688442211056,0.975572975090001,0.7471999332983315
156,HOPE_Katz,GCN,0.50.10.2220,0.7660485021398004,0.8844221105527639,0.7641267394305922,0.8819640834629393
157,HOPE_Katz,GAT,0.50.10.2220,0.9386590584878745,0.8291457286432161,0.9387878677556232,0.8353401850837574
158,HOPE_Katz,SAGE,0.50.10.2220,0.5691868758915835,0.2160804020100502,0.5680906910281472,0.2056108642819169
159,HOPE_Katz,GCN,0.50.10.2240,0.5706134094151213,0.2613065326633166,0.5698354774690942,0.2471107173509453
160,HOPE_Katz,GAT,0.50.10.2240,0.5991440798858774,0.236180904522613,0.5989337648359394,0.2399027085697836
161,HOPE_Katz,SAGE,0.50.10.2240,0.4679029957203994,0.0653266331658291,0.4671183111035019,0.0619557925734396
162,HOPE_Katz,GCN,0.50.10.232,0.6576319543509273,0.6030150753768844,0.6574207285388797,0.5990296540557152
163,HOPE_Katz,GAT,0.50.10.232,0.5392296718972895,0.5326633165829145,0.5368828858098635,0.5216550842719067
164,HOPE_Katz,SAGE,0.50.10.232,0.4136947218259629,0.2512562814070351,0.4129183872832438,0.2507682333089224
165,HOPE_Katz,GCN,0.50.10.235,0.4108416547788873,0.2311557788944723,0.4111938257577714,0.2275849819437489
166,HOPE_Katz,GAT,0.50.10.235,0.4650499286733239,0.2261306532663316,0.4638333430159775,0.2130872628132902
167,HOPE_Katz,SAGE,0.50.10.235,0.5206847360912982,0.1809045226130653,0.5205878584017211,0.1724103782927312
168,HOPE_Katz,GCN,0.50.10.2320,0.3794579172610556,0.3015075376884422,0.376647723705572,0.3011391332906951
169,HOPE_Katz,GAT,0.50.10.2320,0.3937232524964336,0.2311557788944723,0.3941455030802826,0.2264203863363527
170,HOPE_Katz,SAGE,0.50.10.2320,0.3651925820256776,0.2110552763819095,0.3599982364343692,0.1850956167536569
171,HOPE_Katz,GCN,0.50.10.242,0.3209700427960057,0.2211055276381909,0.3160794317513247,0.2201753176401063
172,HOPE_Katz,GAT,0.50.10.242,0.4864479315263909,0.2211055276381909,0.4865292965505679,0.2143192844147968
173,HOPE_Katz,SAGE,0.50.10.242,0.3452211126961483,0.2462311557788944,0.3432847326369587,0.2470715475086878
174,HOPE_Katz,GCN,0.50.10.245,0.5406562054208274,0.2814070351758794,0.538659267011559,0.2779513209100981
175,HOPE_Katz,GAT,0.50.10.245,0.5820256776034237,0.2512562814070351,0.5815864000329611,0.2446615282053878
176,HOPE_Katz,SAGE,0.50.10.245,0.5206847360912982,0.0753768844221105,0.5179239217389037,0.0740030460937549
177,HOPE_Katz,GCN,0.50.10.525,0.4978601997146933,0.2613065326633166,0.4979401968774365,0.2493256110361374
178,HOPE_Katz,GAT,0.50.10.525,0.3594864479315264,0.236180904522613,0.3595817390338238,0.1953488435594011
179,HOPE_Katz,SAGE,0.50.10.525,0.4878744650499286,0.1608040201005025,0.4877085792330135,0.1605381689874852
180,HOPE_Katz,GCN,0.50.10.5220,0.3509272467902996,0.2261306532663316,0.350253107909574,0.2162195151150215
181,HOPE_Katz,GAT,0.50.10.5220,0.456490727532097,0.2814070351758794,0.4546729650371233,0.2774456293193786
182,HOPE_Katz,SAGE,0.50.10.5220,0.4336661911554921,0.1959798994974874,0.4275938624136834,0.1950488333004617
183,HOPE_Katz,GCN,0.50.10.5240,0.3081312410841654,0.2964824120603015,0.2890038561102337,0.2830803155307803
184,HOPE_Katz,GAT,0.50.10.5240,0.5035663338088445,0.236180904522613,0.5036128498578206,0.2340959889132659
185,HOPE_Katz,SAGE,0.50.10.5240,0.4964336661911555,0.1608040201005025,0.4960118928449565,0.1539556418740018
186,HOPE_Katz,GCN,0.50.10.535,0.3166904422253923,0.271356783919598,0.3141873616809164,0.2737049147599208
187,HOPE_Katz,GAT,0.50.10.535,0.3880171184022825,0.236180904522613,0.3871423068562053,0.2328721804511278
188,HOPE_Katz,SAGE,0.50.10.535,0.383737517831669,0.1809045226130653,0.3831370111117511,0.172612648495957
189,HOPE_Katz,GCN,0.50.10.5320,0.3466476462196862,0.2512562814070351,0.3461679733334338,0.2430257677118867
190,HOPE_Katz,GAT,0.50.10.5320,0.3594864479315264,0.2663316582914573,0.358660210228967,0.2597528517522575
191,HOPE_Katz,SAGE,0.50.10.5320,0.4864479315263909,0.1909547738693467,0.486777331156513,0.1820583723159543
192,HOPE_Katz,GCN,0.50.10.545,0.3480741797432239,0.3015075376884422,0.3447198671282994,0.2967798820413892
193,HOPE_Katz,GAT,0.50.10.545,0.4008559201141227,0.2412060301507537,0.4001248205816127,0.2313163440147473
194,HOPE_Katz,SAGE,0.50.10.545,0.3295292439372325,0.2311557788944723,0.3277336006434367,0.2245002301585131
195,HOPE_Katz,GCN,0.50.50.0125,0.5877318116975749,0.457286432160804,0.5868008014727343,0.4571131827804086
196,HOPE_Katz,GAT,0.50.50.0125,0.4607703281027104,0.3819095477386934,0.4602156297883861,0.3849147374094666
197,HOPE_Katz,SAGE,0.50.50.0125,0.5263908701854494,0.2110552763819095,0.5257041013281174,0.2027135955831608
198,HOPE_Katz,GCN,0.50.50.01220,0.5078459343794579,0.3015075376884422,0.5062352349551764,0.3010901209329632
199,HOPE_Katz,GAT,0.50.50.01220,0.5121255349500713,0.3567839195979899,0.5115321285122678,0.3572909050085361
200,HOPE_Katz,SAGE,0.50.50.01220,0.3295292439372325,0.2060301507537688,0.3235628794686352,0.1760549721883055
201,HOPE_Katz,GCN,0.50.50.01240,0.3380884450784593,0.321608040201005,0.3374876458978825,0.3124035487270132
202,HOPE_Katz,GAT,0.50.50.01240,0.477888730385164,0.4472361809045226,0.476243158761802,0.4451661792362195
203,HOPE_Katz,SAGE,0.50.50.01240,0.3965763195435092,0.2763819095477386,0.3946713928364109,0.2230380333344053
204,HOPE_Katz,GCN,0.50.50.0132,0.4251069900142653,0.4120603015075377,0.4248746404458315,0.4135753746037133
205,HOPE_Katz,GAT,0.50.50.0132,0.4493580599144079,0.3668341708542713,0.4468697043112096,0.3643515932672559
206,HOPE_Katz,SAGE,0.50.50.0132,0.4122681883024251,0.1959798994974874,0.4110414103898273,0.1910401143571875
207,HOPE_Katz,GCN,0.50.50.0135,0.4679029957203994,0.4773869346733668,0.4562678672802061,0.4663633812767805
208,HOPE_Katz,GAT,0.50.50.0135,0.5349500713266762,0.4824120603015075,0.5334465179830926,0.4695225498214004
209,HOPE_Katz,SAGE,0.50.50.0135,0.4964336661911555,0.2763819095477386,0.4918887482191309,0.2626666686015581
210,HOPE_Katz,GCN,0.50.50.01320,0.557774607703281,0.4824120603015075,0.5571531324501041,0.4814150132742895
211,HOPE_Katz,GAT,0.50.50.01320,0.5748930099857347,0.4623115577889447,0.5740646061833082,0.4659989111201851
212,HOPE_Katz,SAGE,0.50.50.01320,0.5677603423680456,0.2914572864321608,0.5669329534054398,0.2902224029935396
213,HOPE_Katz,GCN,0.50.50.0142,0.4992867332382311,0.5175879396984925,0.4937747281948889,0.5076861569991306
214,HOPE_Katz,GAT,0.50.50.0142,0.5349500713266762,0.4874371859296482,0.5341973215061268,0.4855550119637191
215,HOPE_Katz,SAGE,0.50.50.0142,0.5691868758915835,0.2864321608040201,0.5688968242352752,0.2839881714529602
216,HOPE_Katz,GCN,0.50.50.0145,0.4122681883024251,0.271356783919598,0.4088946964802555,0.2751103859601179
217,HOPE_Katz,GAT,0.50.50.0145,0.4522111269614836,0.2663316582914573,0.4487824721810561,0.2647594701899819
218,HOPE_Katz,SAGE,0.50.50.0145,0.2881597717546362,0.1306532663316583,0.2847020533951481,0.1259401696215001
219,HOPE_Katz,GCN,0.50.50.0172,0.5106990014265336,0.4773869346733668,0.5063952365767911,0.4757422593117801
220,HOPE_Katz,GAT,0.50.50.0172,0.5748930099857347,0.4422110552763819,0.5742268302468484,0.4388834747658277
221,HOPE_Katz,SAGE,0.50.50.0172,0.4079885877318117,0.2110552763819095,0.407681962956434,0.2120404726262398
222,HOPE_Katz,GCN,0.50.50.225,0.6776034236804565,0.7487437185929648,0.6776318167999502,0.7495091575091575
223,HOPE_Katz,GAT,0.50.50.225,0.5634807417974322,0.6834170854271356,0.5633989757430348,0.6834983107818422
224,HOPE_Katz,SAGE,0.50.50.225,0.5877318116975749,0.5979899497487438,0.5874936564546414,0.5951527258696989
225,HOPE_Katz,GCN,0.50.50.2220,0.9757489300998572,0.9949748743718592,0.9757639090637495,0.9949992186279106
226,HOPE_Katz,GAT,0.50.50.2220,0.9472182596291012,1.0,0.9472337546704296,1.0
227,HOPE_Katz,SAGE,0.50.50.2220,0.5763195435092725,0.507537688442211,0.5762405415966139,0.503253467899326
228,HOPE_Katz,GCN,0.50.50.2240,0.9671897289586304,1.0,0.967079894487902,1.0
229,HOPE_Katz,GAT,0.50.50.2240,0.9942938659058488,1.0,0.9943245456459224,1.0
230,HOPE_Katz,SAGE,0.50.50.2240,0.9643366619115548,0.9447236180904522,0.964236194501654,0.94505514007836
231,HOPE_Katz,GCN,0.50.50.232,0.6005706134094151,0.5577889447236181,0.6002723850355971,0.5504677113010447
232,HOPE_Katz,GAT,0.50.50.232,0.5677603423680456,0.5477386934673367,0.5673172488429323,0.5423514415138126
233,HOPE_Katz,SAGE,0.50.50.232,0.5620542082738944,0.2914572864321608,0.5612659509912975,0.2888565457530975
234,HOPE_Katz,GCN,0.50.50.235,0.4507845934379458,0.5326633165829145,0.440608905560625,0.5085359758347374
235,HOPE_Katz,GAT,0.50.50.235,0.4308131241084166,0.4723618090452261,0.4170061602249351,0.4457480308676754
236,HOPE_Katz,SAGE,0.50.50.235,0.543509272467903,0.3266331658291457,0.5402294728655602,0.3170359337861469
237,HOPE_Katz,GCN,0.50.50.2320,0.7560627674750356,0.8793969849246231,0.7537394617130189,0.8774494938326207
238,HOPE_Katz,GAT,0.50.50.2320,0.8944365192582026,0.7989949748743719,0.8942042109490794,0.7969325143360262
239,HOPE_Katz,SAGE,0.50.50.2320,0.9429386590584878,0.7386934673366834,0.9431807087911608,0.731386459541864
240,HOPE_Katz,GCN,0.50.50.242,0.7375178316690443,0.6683417085427136,0.7376233636308107,0.644124415371339
241,HOPE_Katz,GAT,0.50.50.242,0.5520684736091298,0.5728643216080402,0.5513694626064132,0.5683438510541676
242,HOPE_Katz,SAGE,0.50.50.242,0.442225392296719,0.2663316582914573,0.4391601123823344,0.2313131497940128
243,HOPE_Katz,GCN,0.50.50.245,0.5634807417974322,0.5678391959798995,0.5623110828311595,0.5673631965582848
244,HOPE_Katz,GAT,0.50.50.245,0.514978601997147,0.4874371859296482,0.5144679845775312,0.4795730594309751
245,HOPE_Katz,SAGE,0.50.50.245,0.4621968616262482,0.3969849246231156,0.4576891274467922,0.3709921971105298
246,HOPE_Katz,GCN,0.50.50.525,0.6062767475035663,0.4120603015075377,0.6081536050876121,0.3961509656088351
247,HOPE_Katz,GAT,0.50.50.525,0.514978601997147,0.3517587939698492,0.5100163854285991,0.3149646474880337
248,HOPE_Katz,SAGE,0.50.50.525,0.5520684736091298,0.236180904522613,0.5503466041018562,0.2208980812305717
249,HOPE_Katz,GCN,0.50.50.5220,0.5064194008559201,0.3869346733668342,0.5056208312399042,0.3572558669449769
250,HOPE_Katz,GAT,0.50.50.5220,0.4693295292439372,0.3417085427135678,0.4675851661508968,0.3272784831111076
251,HOPE_Katz,SAGE,0.50.50.5220,0.4821683309557774,0.2864321608040201,0.4820867445900722,0.2739834458444283
252,HOPE_Katz,GCN,0.50.50.5240,0.463623395149786,0.3819095477386934,0.4578940172708868,0.3592138197719592
253,HOPE_Katz,GAT,0.50.50.5240,0.514978601997147,0.371859296482412,0.5128190947523135,0.3460803855350993
254,HOPE_Katz,SAGE,0.50.50.5240,0.4950071326676177,0.2562814070351759,0.4941151624805627,0.2444275035199855
255,HOPE_Katz,GCN,0.50.50.535,0.5734664764621968,0.4070351758793969,0.5714847239418364,0.3933144737727972
256,HOPE_Katz,GAT,0.50.50.535,0.5420827389443652,0.3768844221105528,0.5398166145401083,0.3582890243252172
257,HOPE_Katz,SAGE,0.50.50.535,0.5335235378031383,0.2110552763819095,0.5312577395120474,0.2015250480513639
258,HOPE_Katz,GCN,0.50.50.5320,0.5977175463623395,0.4422110552763819,0.5990548186525692,0.4282365330092196
259,HOPE_Katz,GAT,0.50.50.5320,0.5877318116975749,0.3467336683417085,0.5872868101158709,0.3282813499948875
260,HOPE_Katz,SAGE,0.50.50.5320,0.4835948644793152,0.2211055276381909,0.4785511374200067,0.2161424663307261
261,HOPE_Katz,GCN,0.50.50.545,0.5121255349500713,0.3919597989949748,0.5128678354290355,0.3703906525573192
262,HOPE_Katz,GAT,0.50.50.545,0.4664764621968616,0.3115577889447236,0.4549604036164246,0.2855605215831193
263,HOPE_Katz,SAGE,0.50.50.545,0.579172610556348,0.2462311557788944,0.5773475203692512,0.2343131496985986
264,HOPE_Katz,GCN,0.50.90.0125,0.5249643366619116,0.4020100502512563,0.5253477790283559,0.4009248356392896
265,HOPE_Katz,GAT,0.50.90.0125,0.5534950071326676,0.3517587939698492,0.5541916092070347,0.3509418188532113
266,HOPE_Katz,SAGE,0.50.90.0125,0.5278174037089871,0.2261306532663316,0.5280240716720516,0.2254161836821571
267,HOPE_Katz,GCN,0.50.90.01220,0.3580599144079885,0.1959798994974874,0.3570470533959581,0.1958996598263936
268,HOPE_Katz,GAT,0.50.90.01220,0.6205420827389444,0.236180904522613,0.6194242894253723,0.2360979481223383
269,HOPE_Katz,SAGE,0.50.90.01220,0.5335235378031383,0.1557788944723618,0.5317254716127466,0.1550298905642885
270,HOPE_Katz,GCN,0.50.90.01240,0.5863052781740371,0.2763819095477386,0.5849352961680958,0.2760484787541232
271,HOPE_Katz,GAT,0.50.90.01240,0.4251069900142653,0.2763819095477386,0.4231434308468108,0.2777617649086016
272,HOPE_Katz,SAGE,0.50.90.01240,0.340941512125535,0.0854271356783919,0.326623411625366,0.0837365111485211
273,HOPE_Katz,GCN,0.50.90.0132,0.3495007132667617,0.2562814070351759,0.3451942755402406,0.2615611943311434
274,HOPE_Katz,GAT,0.50.90.0132,0.289586305278174,0.2060301507537688,0.2853398153583896,0.2082628542926499
275,HOPE_Katz,SAGE,0.50.90.0132,0.3994293865905848,0.0954773869346733,0.3998678724455581,0.0688240487582592
276,HOPE_Katz,GCN,0.50.90.0135,0.3951497860199714,0.3115577889447236,0.3940815082539199,0.309354955297643
277,HOPE_Katz,GAT,0.50.90.0135,0.3666191155492154,0.2412060301507537,0.3554861803351951,0.2343509626533174
278,HOPE_Katz,SAGE,0.50.90.0135,0.5763195435092725,0.1407035175879397,0.5747480654994808,0.1389602263720192
279,HOPE_Katz,GCN,0.50.90.01320,0.579172610556348,0.2763819095477386,0.5795108247910724,0.2703152659494167
280,HOPE_Katz,GAT,0.50.90.01320,0.5805991440798859,0.2261306532663316,0.5815155857102042,0.2322642709274651
281,HOPE_Katz,SAGE,0.50.90.01320,0.5278174037089871,0.1809045226130653,0.5274060222242157,0.1723495877531958
282,HOPE_Katz,GCN,0.50.90.0142,0.4308131241084166,0.2814070351758794,0.4293817218266961,0.2862477383753349
283,HOPE_Katz,GAT,0.50.90.0142,0.5164051355206848,0.3015075376884422,0.5157172388676982,0.3096926860482552
284,HOPE_Katz,SAGE,0.50.90.0142,0.3523537803138373,0.0854271356783919,0.3494517413429124,0.0795190685801042
285,HOPE_Katz,GCN,0.50.90.0145,0.4322396576319544,0.2311557788944723,0.4229558128075903,0.2262927181219864
286,HOPE_Katz,GAT,0.50.90.0145,0.4265335235378032,0.2060301507537688,0.4159223623157492,0.1888044227074184
287,HOPE_Katz,SAGE,0.50.90.0145,0.4793152639087018,0.1155778894472361,0.4779643041488926,0.1085794662908401
288,HOPE_Katz,GCN,0.50.90.0172,0.5206847360912982,0.4974874371859296,0.5197276851625294,0.4908208519321377
289,HOPE_Katz,GAT,0.50.90.0172,0.4835948644793152,0.4673366834170854,0.4804142807099126,0.4586226432985542
290,HOPE_Katz,SAGE,0.50.90.0172,0.5306704707560628,0.3015075376884422,0.5308915093378813,0.302897932865194
291,HOPE_Katz,GCN,0.50.90.225,0.6191155492154066,0.3115577889447236,0.6151900110572235,0.3049707914319021
292,HOPE_Katz,GAT,0.50.90.225,0.383737517831669,0.3065326633165829,0.3815794270011453,0.2912728422860443
293,HOPE_Katz,SAGE,0.50.90.225,0.557774607703281,0.0552763819095477,0.5583291190080044,0.0569197403646582
294,HOPE_Katz,GCN,0.50.90.2220,0.8487874465049929,0.9698492462311558,0.8488258449441016,0.9697865989056066
295,HOPE_Katz,GAT,0.50.90.2220,0.9015691868758916,0.9246231155778896,0.9015251662450467,0.9246709221392766
296,HOPE_Katz,SAGE,0.50.90.2220,0.4607703281027104,0.3668341708542713,0.4586325656190257,0.3693645072758873
297,HOPE_Katz,GCN,0.50.90.2240,0.8573466476462197,0.949748743718593,0.8575136566400113,0.9497158448790292
298,HOPE_Katz,GAT,0.50.90.2240,0.8601997146932953,0.9547738693467336,0.8604161574449888,0.9547152425332824
299,HOPE_Katz,SAGE,0.50.90.2240,0.4835948644793152,0.371859296482412,0.4827877843327849,0.3721261557670484
300,HOPE_Katz,GCN,0.50.90.232,0.579172610556348,0.4321608040201005,0.5789475168476357,0.4214413223534174
301,HOPE_Katz,GAT,0.50.90.232,0.6362339514978602,0.4221105527638191,0.6367237434347893,0.4222499415844848
302,HOPE_Katz,SAGE,0.50.90.232,0.5734664764621968,0.1658291457286432,0.5725880116001106,0.1408561206143452
303,HOPE_Katz,GCN,0.50.90.235,0.6205420827389444,0.4221105527638191,0.6196061935228501,0.4443391550352334
304,HOPE_Katz,GAT,0.50.90.235,0.5064194008559201,0.3819095477386934,0.5031881649435826,0.3995553105103678
305,HOPE_Katz,SAGE,0.50.90.235,0.5748930099857347,0.2914572864321608,0.5698065019852278,0.3079194857742443
306,HOPE_Katz,GCN,0.50.90.2320,1.0,1.0,1.0,1.0
307,HOPE_Katz,GAT,0.50.90.2320,1.0,1.0,1.0,1.0
308,HOPE_Katz,SAGE,0.50.90.2320,0.9186875891583453,0.8592964824120604,0.9166544169052084,0.852886053145341
309,HOPE_Katz,GCN,0.50.90.242,0.62339514978602,0.3869346733668342,0.6204823488704051,0.3736094402577853
310,HOPE_Katz,GAT,0.50.90.242,0.5206847360912982,0.3768844221105528,0.5196115323301428,0.3554207735686584
311,HOPE_Katz,SAGE,0.50.90.242,0.5178316690442225,0.1758793969849246,0.5182292845250596,0.1719714386078468
312,HOPE_Katz,GCN,0.50.90.245,0.5192582025677603,0.8090452261306531,0.518501105882992,0.810749358276079
313,HOPE_Katz,GAT,0.50.90.245,0.4978601997146933,0.7437185929648241,0.4980944165385592,0.7426739451741791
314,HOPE_Katz,SAGE,0.50.90.245,0.485021398002853,0.6180904522613065,0.4823520647453325,0.6196619761176894
315,HOPE_Katz,GCN,0.50.90.525,0.4864479315263909,0.3919597989949748,0.4778005987646498,0.3809432023959954
316,HOPE_Katz,GAT,0.50.90.525,0.4607703281027104,0.3366834170854271,0.4573122573629674,0.3149459795863674
317,HOPE_Katz,SAGE,0.50.90.525,0.5320970042796006,0.3165829145728643,0.5282234306358745,0.2999261101747
318,HOPE_Katz,GCN,0.50.90.5220,0.5406562054208274,0.4321608040201005,0.5393105928210525,0.4096219807189322
319,HOPE_Katz,GAT,0.50.90.5220,0.4593437945791726,0.3869346733668342,0.4448001301296015,0.3579521839293006
320,HOPE_Katz,SAGE,0.50.90.5220,0.5592011412268189,0.2914572864321608,0.5571042963552768,0.2716791044685352
321,HOPE_Katz,GCN,0.50.90.5240,0.5106990014265336,0.3668341708542713,0.5056586290144889,0.3471942234762722
322,HOPE_Katz,GAT,0.50.90.5240,0.5805991440798859,0.3618090452261306,0.5803182979391829,0.3494487874214027
323,HOPE_Katz,SAGE,0.50.90.5240,0.5677603423680456,0.2462311557788944,0.5683622169687832,0.245097101886492
324,HOPE_Katz,GCN,0.50.90.535,0.5691868758915835,0.4422110552763819,0.5702913626170006,0.406322974696349
325,HOPE_Katz,GAT,0.50.90.535,0.5192582025677603,0.3567839195979899,0.5125370431786874,0.3342058947798986
326,HOPE_Katz,SAGE,0.50.90.535,0.5691868758915835,0.2412060301507537,0.56113905425474,0.2271869876301382
327,HOPE_Katz,GCN,0.50.90.5320,0.5592011412268189,0.4623115577889447,0.555893694030466,0.4528025676763954
328,HOPE_Katz,GAT,0.50.90.5320,0.5206847360912982,0.3316582914572864,0.5176152155222025,0.289301910314877
329,HOPE_Katz,SAGE,0.50.90.5320,0.5292439372325249,0.2814070351758794,0.5262899466199438,0.2581496000049514
330,HOPE_Katz,GCN,0.50.90.545,0.5049928673323824,0.3869346733668342,0.5047978138831797,0.3678121743731741
331,HOPE_Katz,GAT,0.50.90.545,0.5848787446504993,0.3567839195979899,0.586365765873129,0.3553350083156045
332,HOPE_Katz,SAGE,0.50.90.545,0.5549215406562055,0.1909547738693467,0.5513059223026894,0.1839363452680098
333,HOPE_Katz,GCN,0.90.10.0125,0.4992867332382311,0.4422110552763819,0.4974337761606836,0.4514614996593822
334,HOPE_Katz,GAT,0.90.10.0125,0.4365192582025677,0.3115577889447236,0.4378217244898873,0.3053077144002734
335,HOPE_Katz,SAGE,0.90.10.0125,0.5021398002853067,0.1959798994974874,0.5023521887107993,0.1869333459983419
336,HOPE_Katz,GCN,0.90.10.01220,0.4094151212553495,0.4271356783919598,0.4076510058190713,0.4297155106675231
337,HOPE_Katz,GAT,0.90.10.01220,0.5106990014265336,0.4070351758793969,0.5113229853440769,0.4064282247493313
338,HOPE_Katz,SAGE,0.90.10.01220,0.2967189728958631,0.1055276381909547,0.2652779413791258,0.1030766619001913
339,HOPE_Katz,GCN,0.90.10.01240,0.4950071326676177,0.4824120603015075,0.4910131912270929,0.468936012575203
340,HOPE_Katz,GAT,0.90.10.01240,0.4950071326676177,0.4422110552763819,0.493893630664736,0.439609936953556
341,HOPE_Katz,SAGE,0.90.10.01240,0.5677603423680456,0.371859296482412,0.5680976586559313,0.3665127348669721
342,HOPE_Katz,GCN,0.90.10.0132,0.5863052781740371,0.5175879396984925,0.5863959720497156,0.5169430958481867
343,HOPE_Katz,GAT,0.90.10.0132,0.5649072753209701,0.4824120603015075,0.5650016198704805,0.4807307584542104
344,HOPE_Katz,SAGE,0.90.10.0132,0.5463623395149786,0.2010050251256281,0.546308009226467,0.184509888011371
345,HOPE_Katz,GCN,0.90.10.0135,0.4878744650499286,0.457286432160804,0.481796790634908,0.4576378633793713
346,HOPE_Katz,GAT,0.90.10.0135,0.6148359486447932,0.4170854271356784,0.6146420741911456,0.4174892327493863
347,HOPE_Katz,SAGE,0.90.10.0135,0.5306704707560628,0.3065326633165829,0.5295887688207153,0.303399852372381
348,HOPE_Katz,GCN,0.90.10.01320,0.5563480741797432,0.4623115577889447,0.5561374513732279,0.4535186371806814
349,HOPE_Katz,GAT,0.90.10.01320,0.5021398002853067,0.4824120603015075,0.5015632184407312,0.4794652406417112
350,HOPE_Katz,SAGE,0.90.10.01320,0.4736091298145506,0.1959798994974874,0.4694165452059439,0.1958295179734601
351,HOPE_Katz,GCN,0.90.10.0142,0.5734664764621968,0.5025125628140703,0.5720337375463391,0.496101818482473
352,HOPE_Katz,GAT,0.90.10.0142,0.5663338088445078,0.5175879396984925,0.5663955629961713,0.5221427642222135
353,HOPE_Katz,SAGE,0.90.10.0142,0.536376604850214,0.1758793969849246,0.5358171694644426,0.1742147848706563
354,HOPE_Katz,GCN,0.90.10.0145,0.572039942938659,0.4371859296482412,0.570263199213999,0.4421579985701128
355,HOPE_Katz,GAT,0.90.10.0145,0.5335235378031383,0.507537688442211,0.5360026429732666,0.4917085008787795
356,HOPE_Katz,SAGE,0.90.10.0145,0.557774607703281,0.2814070351758794,0.5572664424265863,0.2729152200419195
357,HOPE_Katz,GCN,0.90.10.0172,0.6333808844507846,0.4773869346733668,0.6315034200308093,0.4653839605564266
358,HOPE_Katz,GAT,0.90.10.0172,0.5563480741797432,0.4371859296482412,0.5492537775547542,0.4330446070978596
359,HOPE_Katz,SAGE,0.90.10.0172,0.5677603423680456,0.0653266331658291,0.5706359297597441,0.0611964404355708
360,HOPE_Katz,GCN,0.90.10.225,0.514978601997147,0.5979899497487438,0.5149847204645883,0.5929082545361614
361,HOPE_Katz,GAT,0.90.10.225,0.5948644793152639,0.5577889447236181,0.5946665727005344,0.5532649850175081
362,HOPE_Katz,SAGE,0.90.10.225,0.5235378031383737,0.185929648241206,0.5238563679808492,0.1817096106440156
363,HOPE_Katz,GCN,0.90.10.2220,1.0,0.9346733668341708,1.0,0.9332066809308188
364,HOPE_Katz,GAT,0.90.10.2220,0.992867332382311,0.9095477386934674,0.9928909229595728,0.9067773776320092
365,HOPE_Katz,SAGE,0.90.10.2220,0.5178316690442225,0.3115577889447236,0.515711592382286,0.3161394982344415
366,HOPE_Katz,GCN,0.90.10.2240,0.9600570613409416,1.0,0.9600071885278684,1.0
367,HOPE_Katz,GAT,0.90.10.2240,0.9843081312410842,0.9748743718592964,0.9841908260902812,0.9728881026094648
368,HOPE_Katz,SAGE,0.90.10.2240,1.0,0.9195979899497488,1.0,0.919420283008148
369,HOPE_Katz,GCN,0.90.10.232,1.0,0.9949748743718592,1.0,0.9947331947331948
370,HOPE_Katz,GAT,0.90.10.232,1.0,1.0,1.0,1.0
371,HOPE_Katz,SAGE,0.90.10.232,0.6262482168330956,0.1557788944723618,0.6252690962246159,0.1596111028087772
372,HOPE_Katz,GCN,0.90.10.235,0.8644793152639088,0.7185929648241205,0.863526082003993,0.7100368774718052
373,HOPE_Katz,GAT,0.90.10.235,0.7988587731811697,0.6582914572864321,0.7984939158116247,0.6450236872546775
374,HOPE_Katz,SAGE,0.90.10.235,0.5877318116975749,0.4723618090452261,0.5810222236745298,0.4420028759519422
375,HOPE_Katz,GCN,0.90.10.2320,0.985734664764622,0.9949748743718592,0.9856400292419836,0.9949874686716792
376,HOPE_Katz,GAT,0.90.10.2320,0.9942938659058488,0.9949748743718592,0.9942809920901076,0.9949874686716792
377,HOPE_Katz,SAGE,0.90.10.2320,1.0,0.9748743718592964,1.0,0.9739975471500576
378,HOPE_Katz,GCN,0.90.10.242,1.0,0.984924623115578,1.0,0.9849906191369604
379,HOPE_Katz,GAT,0.90.10.242,0.978601997146933,0.9899497487437184,0.9785356531131846,0.9899937460913072
380,HOPE_Katz,SAGE,0.90.10.242,0.9828815977175464,0.4673366834170854,0.9828860133740278,0.450845483361991
381,HOPE_Katz,GCN,0.90.10.245,0.5534950071326676,0.6834170854271356,0.5522678019687961,0.6774926695711974
382,HOPE_Katz,GAT,0.90.10.245,0.62339514978602,0.6381909547738693,0.6221983270688688,0.639940512028468
383,HOPE_Katz,SAGE,0.90.10.245,0.5349500713266762,0.3517587939698492,0.5313812326204541,0.3489441521678891
384,HOPE_Katz,GCN,0.90.10.272,1.0,1.0,1.0,1.0
385,HOPE_Katz,GAT,0.90.10.272,0.9600570613409416,1.0,0.9601156398983096,1.0
386,HOPE_Katz,SAGE,0.90.10.272,0.7646219686162626,0.2512562814070351,0.7644219135414678,0.233437473308407
387,HOPE_Katz,GCN,0.90.10.5220,0.9843081312410842,1.0,0.9843056686955376,1.0
388,HOPE_Katz,GAT,0.90.10.5220,0.8987161198288159,1.0,0.8985544731193469,1.0
389,HOPE_Katz,SAGE,0.90.10.5220,0.7261055634807418,0.9296482412060302,0.7260657042930612,0.9295553827480922
390,HOPE_Katz,GCN,0.90.10.5240,0.992867332382311,1.0,0.992829514855117,1.0
391,HOPE_Katz,GAT,0.90.10.5240,1.0,1.0,1.0,1.0
392,HOPE_Katz,SAGE,0.90.10.5240,0.9771754636233952,0.9447236180904522,0.9769243703560704,0.9410061963208418
393,HOPE_Katz,GCN,0.90.10.535,1.0,0.9899497487437184,1.0,0.989925925925926
394,HOPE_Katz,GAT,0.90.10.535,1.0,0.9949748743718592,1.0,0.9950617283950616
395,HOPE_Katz,SAGE,0.90.10.535,1.0,0.8492462311557789,1.0,0.8461452032894765
396,HOPE_Katz,GCN,0.90.10.5320,1.0,0.9949748743718592,1.0,0.9951103160405486
397,HOPE_Katz,GAT,0.90.10.5320,1.0,0.9899497487437184,1.0,0.9902349682837488
398,HOPE_Katz,SAGE,0.90.10.5320,1.0,0.7738693467336684,1.0,0.7695665553777009
399,HOPE_Katz,GCN,0.90.10.545,1.0,0.9899497487437184,1.0,0.9899968730456536
400,HOPE_Katz,GAT,0.90.10.545,0.9971469329529244,0.9698492462311558,0.9971415688994238,0.9699713636812484
401,HOPE_Katz,SAGE,0.90.10.545,0.5748930099857347,0.3417085427135678,0.5727180720213103,0.3275107014234719
402,HOPE_Katz,GCN,0.90.50.0125,0.5934379457917262,0.4522613065326633,0.5934099808491811,0.4505119838174073
403,HOPE_Katz,GAT,0.90.50.0125,0.5777460770328102,0.4271356783919598,0.5774779283976365,0.4232083777851353
404,HOPE_Katz,SAGE,0.90.50.0125,0.5520684736091298,0.2010050251256281,0.5512907342960937,0.191033411033411
405,HOPE_Katz,GCN,0.90.50.01220,0.4436519258202567,0.4120603015075377,0.4434293710903607,0.4062265163714439
406,HOPE_Katz,GAT,0.90.50.01220,0.5192582025677603,0.4371859296482412,0.5189640109053533,0.4349987222080245
407,HOPE_Katz,SAGE,0.90.50.01220,0.550641940085592,0.3467336683417085,0.5506666784569847,0.3443913828855504
408,HOPE_Katz,GCN,0.90.50.01240,0.463623395149786,0.4974874371859296,0.4622089835394837,0.4937952310532956
409,HOPE_Katz,GAT,0.90.50.01240,0.4807417974322396,0.4773869346733668,0.4792324076028819,0.47346857110015
410,HOPE_Katz,SAGE,0.90.50.01240,0.4821683309557774,0.2512562814070351,0.4823673845067379,0.2519349264478044
411,HOPE_Katz,GCN,0.90.50.0132,0.5206847360912982,0.4974874371859296,0.5199251533500593,0.4937789987789987
412,HOPE_Katz,GAT,0.90.50.0132,0.557774607703281,0.4170854271356784,0.5572008515582907,0.4159210980621701
413,HOPE_Katz,SAGE,0.90.50.0132,0.550641940085592,0.2613065326633166,0.5501708363985711,0.2586007978401902
414,HOPE_Katz,GCN,0.90.50.0135,0.6062767475035663,0.4673366834170854,0.6058492716904758,0.4572788827099171
415,HOPE_Katz,GAT,0.90.50.0135,0.5649072753209701,0.4723618090452261,0.5652918958894231,0.4697989675240714
416,HOPE_Katz,SAGE,0.90.50.0135,0.579172610556348,0.2663316582914573,0.5783624141654042,0.2639508861108096
417,HOPE_Katz,GCN,0.90.50.01320,0.5877318116975749,0.4221105527638191,0.587103341729503,0.4216344932531679
418,HOPE_Katz,GAT,0.90.50.01320,0.5877318116975749,0.4371859296482412,0.5858465338257595,0.4379827643798005
419,HOPE_Katz,SAGE,0.90.50.01320,0.5378031383737518,0.2211055276381909,0.5364382926318075,0.2108983647718447
420,HOPE_Katz,GCN,0.90.50.0142,0.6062767475035663,0.5025125628140703,0.6055882389487189,0.5029499837526077
421,HOPE_Katz,GAT,0.90.50.0142,0.4893009985734665,0.4472361809045226,0.4883081886178108,0.4446486486486486
422,HOPE_Katz,SAGE,0.90.50.0142,0.5634807417974322,0.2311557788944723,0.5628124000797182,0.2314227750530109
423,HOPE_Katz,GCN,0.90.50.0145,0.5335235378031383,0.4974874371859296,0.5319721309808764,0.4947494322448157
424,HOPE_Katz,GAT,0.90.50.0145,0.5378031383737518,0.4974874371859296,0.5371627369637137,0.4897831253713607
425,HOPE_Katz,SAGE,0.90.50.0145,0.4907275320970042,0.2562814070351759,0.4893061638959091,0.2563429344801894
426,HOPE_Katz,GCN,0.90.50.0172,0.5263908701854494,0.4371859296482412,0.5251133981202187,0.4282475959207865
427,HOPE_Katz,GAT,0.90.50.0172,0.5549215406562055,0.5025125628140703,0.5553178971679384,0.50208584098828
428,HOPE_Katz,SAGE,0.90.50.0172,0.5534950071326676,0.3165829145728643,0.551927501244751,0.3049795628465752
429,HOPE_Katz,GCN,0.90.50.225,0.6348074179743224,0.3869346733668342,0.6346355071151908,0.3808420680449728
430,HOPE_Katz,GAT,0.90.50.225,0.6134094151212554,0.3768844221105528,0.6132720860421152,0.3744418605748658
431,HOPE_Katz,SAGE,0.90.50.225,0.3152639087018545,0.2562814070351759,0.3155591442019639,0.2574739959358786
432,HOPE_Katz,GCN,0.90.50.2220,1.0,0.9949748743718592,1.0,0.9947368421052633
433,HOPE_Katz,GAT,0.90.50.2220,0.9900142653352354,0.9899497487437184,0.9900565676850054,0.9897243107769425
434,HOPE_Katz,SAGE,0.90.50.2220,1.0,0.9899497487437184,1.0,0.9896653398201388
435,HOPE_Katz,GCN,0.90.50.2240,0.9843081312410842,1.0,0.9843006326310328,1.0
436,HOPE_Katz,GAT,0.90.50.2240,0.9985734664764622,0.984924623115578,0.9985711369667278,0.9847117794486216
437,HOPE_Katz,SAGE,0.90.50.2240,1.0,0.9547738693467336,1.0,0.9553890694340283
438,HOPE_Katz,GCN,0.90.50.232,1.0,1.0,1.0,1.0
439,HOPE_Katz,GAT,0.90.50.232,1.0,1.0,1.0,1.0
440,HOPE_Katz,SAGE,0.90.50.232,0.818830242510699,0.7386934673366834,0.8202753555403604,0.7368641800825181
441,HOPE_Katz,GCN,0.90.50.235,0.644793152639087,0.9547738693467336,0.6398239017010273,0.954833536833537
442,HOPE_Katz,GAT,0.90.50.235,0.9971469329529244,1.0,0.9971168616329904,1.0
443,HOPE_Katz,SAGE,0.90.50.235,1.0,0.9597989949748744,1.0,0.9592454816362862
444,HOPE_Katz,GCN,0.90.50.2320,0.992867332382311,0.9949748743718592,0.9929195598206504,0.9952320136228182
445,HOPE_Katz,GAT,0.90.50.2320,0.9087018544935808,1.0,0.9085602933202764,1.0
446,HOPE_Katz,SAGE,0.90.50.2320,1.0,0.9346733668341708,1.0,0.9344626237959572
447,HOPE_Katz,GCN,0.90.50.242,0.992867332382311,0.9899497487437184,0.9928665455799685,0.9902349682837488
448,HOPE_Katz,GAT,0.90.50.242,1.0,0.9949748743718592,1.0,0.9951103160405486
449,HOPE_Katz,SAGE,0.90.50.242,0.7061340941512125,0.1758793969849246,0.7054152329184916,0.1697446626078711
450,HOPE_Katz,GCN,0.90.50.245,1.0,1.0,1.0,1.0
451,HOPE_Katz,GAT,0.90.50.245,1.0,1.0,1.0,1.0
452,HOPE_Katz,SAGE,0.90.50.245,1.0,0.9246231155778896,1.0,0.9272327981612696
453,HOPE_Katz,GCN,0.90.50.272,0.992867332382311,0.9899497487437184,0.9928876782809368,0.99010989010989
454,HOPE_Katz,GAT,0.90.50.272,0.9985734664764622,0.984924623115578,0.9985801140440316,0.9851851851851852
455,HOPE_Katz,SAGE,0.90.50.272,0.9942938659058488,0.8190954773869347,0.994315948601663,0.8143689033195893
456,HOPE_Katz,GCN,0.90.50.525,0.7560627674750356,0.9246231155778896,0.7547404109522403,0.9244739686896551
457,HOPE_Katz,GAT,0.90.50.525,0.9629101283880172,0.9798994974874372,0.9627035927035926,0.9799304549520668
458,HOPE_Katz,SAGE,0.90.50.525,0.8773181169757489,0.5477386934673367,0.8772446439009907,0.534877285745759
459,HOPE_Katz,GCN,0.90.50.5220,1.0,1.0,1.0,1.0
460,HOPE_Katz,GAT,0.90.50.5220,0.8701854493580599,0.9949748743718592,0.8697504606481277,0.9949874686716792
461,HOPE_Katz,SAGE,0.90.50.5220,0.514978601997147,0.4221105527638191,0.5072606139908361,0.4190553075908103
462,HOPE_Katz,GCN,0.90.50.5240,1.0,1.0,1.0,1.0
463,HOPE_Katz,GAT,0.90.50.5240,1.0,1.0,1.0,1.0
464,HOPE_Katz,SAGE,0.90.50.5240,0.4750356633380884,0.4070351758793969,0.4696152471049442,0.3971622285000263
465,HOPE_Katz,GCN,0.90.50.535,1.0,0.9899497487437184,1.0,0.9901913875598088
466,HOPE_Katz,GAT,0.90.50.535,0.9985734664764622,0.9798994974874372,0.9985711369667278,0.9798928266958958
467,HOPE_Katz,SAGE,0.90.50.535,0.6319543509272468,0.2462311557788944,0.6312635168323122,0.2426659211774301
468,HOPE_Katz,GCN,0.90.50.5320,0.7475035663338089,0.9949748743718592,0.7458788391589976,0.9952320136228182
469,HOPE_Katz,GAT,0.90.50.5320,0.6462196861626248,0.964824120603015,0.6408364027614453,0.9647859879584018
470,HOPE_Katz,SAGE,0.90.50.5320,1.0,1.0,1.0,1.0
471,HOPE_Katz,GCN,0.90.50.545,1.0,1.0,1.0,1.0
472,HOPE_Katz,GAT,0.90.50.545,1.0,0.9949748743718592,1.0,0.9954451345755692
473,HOPE_Katz,SAGE,0.90.50.545,1.0,0.9547738693467336,1.0,0.9517821067821068
474,HOPE_Katz,GCN,0.90.90.0125,0.4493580599144079,0.3919597989949748,0.4482834894719995,0.3828005007577428
475,HOPE_Katz,GAT,0.90.90.0125,0.5734664764621968,0.4773869346733668,0.5721165708061043,0.4737116291251965
476,HOPE_Katz,SAGE,0.90.90.0125,0.340941512125535,0.2060301507537688,0.3348507823271237,0.1843310210317372
477,HOPE_Katz,GCN,0.90.90.01220,0.5278174037089871,0.3919597989949748,0.528230067651501,0.3919484677908947
478,HOPE_Katz,GAT,0.90.90.01220,0.572039942938659,0.4120603015075377,0.5726142189623943,0.4135118828606704
479,HOPE_Katz,SAGE,0.90.90.01220,0.5677603423680456,0.2914572864321608,0.56772424416195,0.2881532995426295
480,HOPE_Katz,GCN,0.90.90.01240,0.5763195435092725,0.4271356783919598,0.5759277112064721,0.4212325972957492
481,HOPE_Katz,GAT,0.90.90.01240,0.5763195435092725,0.4020100502512563,0.5761409272105369,0.396962439415213
482,HOPE_Katz,SAGE,0.90.90.01240,0.5820256776034237,0.2663316582914573,0.5816504443413939,0.256831119544592
483,HOPE_Katz,GCN,0.90.90.0132,0.5021398002853067,0.4371859296482412,0.5006880822559963,0.4352953367446122
484,HOPE_Katz,GAT,0.90.90.0132,0.4693295292439372,0.4371859296482412,0.4624219281630363,0.4356750537297431
485,HOPE_Katz,SAGE,0.90.90.0132,0.514978601997147,0.2512562814070351,0.5131195283392582,0.2533457001892146
486,HOPE_Katz,GCN,0.90.90.0135,0.5848787446504993,0.507537688442211,0.5835214771516275,0.5089797634413472
487,HOPE_Katz,GAT,0.90.90.0135,0.4379457917261055,0.4070351758793969,0.4373847185231777,0.3957121557240496
488,HOPE_Katz,SAGE,0.90.90.0135,0.5549215406562055,0.2663316582914573,0.5540075150138113,0.2594858577856631
489,HOPE_Katz,GCN,0.90.90.01320,0.5734664764621968,0.4974874371859296,0.5739577182771336,0.4926504662317262
490,HOPE_Katz,GAT,0.90.90.01320,0.6034236804564908,0.4874371859296482,0.6025797950322763,0.4852223812191192
491,HOPE_Katz,SAGE,0.90.90.01320,0.5592011412268189,0.2763819095477386,0.5587319128255384,0.2724722409745569
492,HOPE_Katz,GCN,0.90.90.0142,0.572039942938659,0.4271356783919598,0.5704840483251136,0.421718883865975
493,HOPE_Katz,GAT,0.90.90.0142,0.4407988587731811,0.371859296482412,0.4399998344946293,0.3673985187304666
494,HOPE_Katz,SAGE,0.90.90.0142,0.3223965763195435,0.2864321608040201,0.3173140611478177,0.2612594128560515
495,HOPE_Katz,GCN,0.90.90.0145,0.5805991440798859,0.4673366834170854,0.5804521213613901,0.466060487456416
496,HOPE_Katz,GAT,0.90.90.0145,0.5520684736091298,0.3919597989949748,0.5520141837065922,0.3889008768380242
497,HOPE_Katz,SAGE,0.90.90.0145,0.4607703281027104,0.2462311557788944,0.4571310253711705,0.2199291677928385
498,HOPE_Katz,GCN,0.90.90.0172,0.5805991440798859,0.4824120603015075,0.5788142341719981,0.4852615126158
499,HOPE_Katz,GAT,0.90.90.0172,0.5620542082738944,0.4673366834170854,0.5585381494639833,0.4645520615524351
500,HOPE_Katz,SAGE,0.90.90.0172,0.5306704707560628,0.1658291457286432,0.5196460134659399,0.1349178310416625
501,HOPE_Katz,GCN,0.90.90.225,0.6348074179743224,0.7738693467336684,0.6316599273495526,0.7601520056736567
502,HOPE_Katz,GAT,0.90.90.225,0.6362339514978602,0.7135678391959799,0.6323771748780975,0.694438907516264
503,HOPE_Katz,SAGE,0.90.90.225,0.6562054208273894,0.5477386934673367,0.6514490191756013,0.5077636188257163
504,HOPE_Katz,GCN,0.90.90.2220,1.0,0.984924623115578,1.0,0.9849624060150376
505,HOPE_Katz,GAT,0.90.90.2220,0.8473609129814551,0.9949748743718592,0.8470239361035482,0.9949874686716792
506,HOPE_Katz,SAGE,0.90.90.2220,1.0,0.7537688442211056,1.0,0.7439210083289031
507,HOPE_Katz,GCN,0.90.90.2240,0.7018544935805991,0.9597989949748744,0.7014957726669981,0.95993929941153
508,HOPE_Katz,GAT,0.90.90.2240,1.0,1.0,1.0,1.0
509,HOPE_Katz,SAGE,0.90.90.2240,0.5920114122681883,0.5527638190954773,0.5919505555351596,0.5550851316174545
510,HOPE_Katz,GCN,0.90.90.232,0.9985734664764622,0.9949748743718592,0.9985813997358988,0.9950344827586208
511,HOPE_Katz,GAT,0.90.90.232,1.0,1.0,1.0,1.0
512,HOPE_Katz,SAGE,0.90.90.232,1.0,0.8994974874371859,1.0,0.9004541286540289
513,HOPE_Katz,GCN,0.90.90.235,0.8758915834522111,0.6633165829145728,0.8757186574956364,0.6594783760301002
514,HOPE_Katz,GAT,0.90.90.235,0.7974322396576321,0.7286432160804021,0.7960697980186308,0.7277244708737197
515,HOPE_Katz,SAGE,0.90.90.235,0.6333808844507846,0.542713567839196,0.6288852275371359,0.5335178977814831
516,HOPE_Katz,GCN,0.90.90.2320,0.8430813124108416,0.6180904522613065,0.8429780834845296,0.6172940856781437
517,HOPE_Katz,GAT,0.90.90.2320,0.6390870185449358,0.7336683417085426,0.6388456345267508,0.7400586902578489
518,HOPE_Katz,SAGE,0.90.90.2320,0.543509272467903,0.4924623115577889,0.5433100330238864,0.4854553556165852
519,HOPE_Katz,GCN,0.90.90.242,1.0,0.984924623115578,1.0,0.9853554704129416
520,HOPE_Katz,GAT,0.90.90.242,1.0,0.984924623115578,1.0,0.9853554704129416
521,HOPE_Katz,SAGE,0.90.90.242,1.0,0.9447236180904522,1.0,0.9452006745914792
522,HOPE_Katz,GCN,0.90.90.245,0.4793152639087018,0.864321608040201,0.475953743206768,0.8633594435623422
523,HOPE_Katz,GAT,0.90.90.245,1.0,0.9949748743718592,1.0,0.9952320136228182
524,HOPE_Katz,SAGE,0.90.90.245,1.0,0.9396984924623116,1.0,0.939872465594766
525,HOPE_Katz,GCN,0.90.90.272,1.0,1.0,1.0,1.0
526,HOPE_Katz,GAT,0.90.90.272,1.0,1.0,1.0,1.0
527,HOPE_Katz,SAGE,0.90.90.272,0.4479315263908702,0.1557788944723618,0.4429973078526297,0.1501902011529739
528,HOPE_Katz,GCN,0.90.90.525,0.9843081312410842,0.984924623115578,0.9842629819786692,0.9849304549520664
529,HOPE_Katz,GAT,0.90.90.525,0.9900142653352354,0.9798994974874372,0.990024464768755,0.9798734177215188
530,HOPE_Katz,SAGE,0.90.90.525,0.9243937232524964,0.6884422110552764,0.9242545386699602,0.6800292871892427
531,HOPE_Katz,GCN,0.90.90.5220,1.0,1.0,1.0,1.0
532,HOPE_Katz,GAT,0.90.90.5220,1.0,1.0,1.0,1.0
533,HOPE_Katz,SAGE,0.90.90.5220,0.8445078459343794,0.4422110552763819,0.8430575892920679,0.4380439857102261
534,HOPE_Katz,GCN,0.90.90.5240,1.0,1.0,1.0,1.0
535,HOPE_Katz,GAT,0.90.90.5240,1.0,1.0,1.0,1.0
536,HOPE_Katz,SAGE,0.90.90.5240,0.710413694721826,0.5175879396984925,0.7044307118584335,0.5002605381014431
537,HOPE_Katz,GCN,0.90.90.535,0.5934379457917262,0.3969849246231156,0.5938416998512515,0.3774380464098715
538,HOPE_Katz,GAT,0.90.90.535,0.5320970042796006,0.3366834170854271,0.5259773087677385,0.310653658105035
539,HOPE_Katz,SAGE,0.90.90.535,0.5135520684736091,0.2663316582914573,0.5123891458723272,0.2564929611444629
540,HOPE_Katz,GCN,0.90.90.5320,1.0,0.3467336683417085,1.0,0.3556862556523067
541,HOPE_Katz,GAT,0.90.90.5320,0.7018544935805991,0.2763819095477386,0.703642397940646,0.2849096151134573
542,HOPE_Katz,SAGE,0.90.90.5320,0.5620542082738944,0.0552763819095477,0.5608214486716955,0.0509980109555665
543,HOPE_Katz,GCN,0.90.90.545,0.5891583452211127,0.2814070351758794,0.5926097720793951,0.2738590820943762
544,HOPE_Katz,GAT,0.90.90.545,0.4308131241084166,0.2814070351758794,0.4307241085971369,0.2623443356511531
545,HOPE_Katz,SAGE,0.90.90.545,0.5235378031383737,0.2060301507537688,0.5233957305493142,0.1895089608078814
546,HOPE_CN,GCN,0.10.10.225,0.29814550641940085,0.1306532663316583,0.2939477678257854,0.12055892221900436
547,HOPE_CN,GAT,0.10.10.225,0.6990014265335235,0.1507537688442211,0.6987590539223683,0.14500725347343765
548,HOPE_CN,SAGE,0.10.10.225,0.3309557774607703,0.05527638190954774,0.3312785945287161,0.0543971640039415
549,HOPE_CN,GCN,0.10.10.2220,0.44650499286733236,0.1658291457286432,0.44425057679332786,0.14933477150868452
550,HOPE_CN,GAT,0.10.10.2220,0.6433666191155493,0.12060301507537688,0.6453230181962164,0.1095205864617063
551,HOPE_CN,SAGE,0.10.10.2220,0.2582025677603424,0.09547738693467336,0.25424276065037626,0.06739831062657149
552,HOPE_CN,GCN,0.10.10.2240,0.43366619115549215,0.1407035175879397,0.43275555597993787,0.13117522080602578
553,HOPE_CN,GAT,0.10.10.2240,0.4008559201141227,0.11055276381909548,0.40458357527606453,0.11258957144299304
554,HOPE_CN,SAGE,0.10.10.2240,0.644793152639087,0.045226130653266326,0.6447508831727541,0.04293024805095744
555,HOPE_CN,GCN,0.10.10.232,0.37517831669044227,0.11055276381909548,0.3716539417723566,0.1098335303140795
556,HOPE_CN,GAT,0.10.10.232,0.3566333808844508,0.135678391959799,0.3561421929649265,0.11867097230255123
557,HOPE_CN,SAGE,0.10.10.232,0.24393723252496433,0.045226130653266326,0.24202411697117224,0.04096005301887655
558,HOPE_CN,GCN,0.10.10.235,0.5406562054208274,0.09547738693467336,0.5388184531088985,0.09515149048482383
559,HOPE_CN,GAT,0.10.10.235,0.4065620542082739,0.1407035175879397,0.40428419327539916,0.13574308051459275
560,HOPE_CN,SAGE,0.10.10.235,0.16547788873038516,0.11055276381909548,0.14356112513140815,0.07435747423781315
561,HOPE_CN,GCN,0.10.10.2320,0.41512125534950073,0.12060301507537688,0.4067791983684244,0.11552813743990216
562,HOPE_CN,GAT,0.10.10.2320,0.2967189728958631,0.1407035175879397,0.29418937073749507,0.11413943355119827
